<?xml version="1.0" encoding="UTF-8"?>
<products>	
	<product>
		<model>sss</model>
		<brand>Brand1</brand>
		<dimensions>ss</dimensions>
		<weight>ss</weight>
		<bodybuild>ss</bodybuild>
		<sim>ss</sim>
		<technoogy>ss</technoogy>
		<displaytype>ss</displaytype>
		<displaysize>ss</displaysize>
		<displayproctector>ss</displayproctector>
		<os>ss</os>
		<chipset>ss</chipset>
		<cpu>ss</cpu>
		<gpu>sss</gpu>
		<cardslort>ss</cardslort>
		<internalmemory>ss</internalmemory>
		<primerycamera>ss</primerycamera>
		<camerafeature>ss</camerafeature>
		<video>ss</video>
		<secondarycamera>ss</secondarycamera>
		<alerttype>ss</alerttype>
		<loudspeaker>ss</loudspeaker>
		<quantity>11111</quantity>
		<price>1222</price>
	</product>
	<product>
		<model>ddd</model>
		<brand>Brand2</brand>
		<dimensions>ddd</dimensions>
		<weight>ddd</weight>
		<bodybuild>ddd</bodybuild>
		<sim>ddd</sim>
		<technoogy>ddd</technoogy>
		<displaytype>ddd</displaytype>
		<displaysize>ddd</displaysize>
		<displayproctector>ddd</displayproctector>
		<os>ddd</os>
		<chipset>ddd</chipset>
		<cpu>ddd</cpu>
		<gpu>ddd</gpu>
		<cardslort>ddd</cardslort>
		<internalmemory>ddd</internalmemory>
		<primerycamera>ddd</primerycamera>
		<camerafeature>ddd</camerafeature>
		<video>ddd</video>
		<secondarycamera>ddd</secondarycamera>
		<alerttype>ddd</alerttype>
		<loudspeaker>ddd</loudspeaker>
		<quantity>1111111</quantity>
		<price>1111111</price>
	</product>
</products>
